x,Advecção,Advecção-Difusão
2.25,0.0,0.07991697779909396
2.81,0.0,0.27710160379563553
3.36,0.0,0.6389558266767726
3.92,1.5,1.0263132284986347
4.47,1.5,1.204509883118279
5.03,1.5,1.0569958898645415
5.58,0.0,0.6803791568661666
6.14,0.0,0.30662001851449994
6.69,0.0,0.0922734161726543
7.25,0.0,0.017900363835091415
