x,Advecção,Advecção-Difusão
0.75,0.0,0.03607991343347486
1.31,0.0,0.2041337723965873
1.86,0.0,0.619095554467669
2.42,1.5,1.1082619608790738
2.97,1.5,1.3287076714506307
3.53,1.5,1.1467623039335286
4.08,0.0,0.6706389732542316
4.64,0.0,0.23428705715863143
5.19,0.0,0.044210516288459095
5.75,0.0,0.004243196079173783
