x,Advecção,Advecção-Difusão
3.75,0.0,0.12147826285189187
4.31,0.0,0.32618568745831655
4.86,0.0,0.6448590693554868
5.42,1.5,0.9614886868284198
5.97,1.5,1.104325928711921
6.53,1.5,0.9861426327151102
7.08,0.0,0.6794418124648687
7.64,0.0,0.35390103298429054
8.19,0.0,0.13603565507113832
8.75,0.0,0.03777878149876096
